date,crime_per_100k,Country,Population,
31/12/1990,0.4878,Ireland,,
31/12/1991,0.6562,Ireland,,
31/12/1992,0.7085,Ireland,,
31/12/1993,0.6487,Ireland,,
31/12/1994,0.7024,Ireland,,
31/12/1995,1.2013,Ireland,,
31/12/1996,1.1645,Ireland,,
31/12/1997,1.0439,Ireland,,
31/12/1998,1.033,Ireland,,
31/12/1999,1.0215,Ireland,,
31/12/2000,0.9817,Ireland,,
31/12/2001,1.3581,Ireland,,
31/12/2002,1.3353,Ireland,,
31/12/2003,0.9346,Ireland,,
31/12/2004,0.7441,Ireland,,
31/12/2005,1.2618,Ireland,,
31/12/2006,1.4641,Ireland,,
31/12/2007,1.7891,Ireland,,
31/12/2008,1.1455,Ireland,,
31/12/2009,1.1778,Ireland,,
31/12/2010,1.2156,Ireland,,
31/12/2011,0.9242,Ireland,,
31/12/2012,1.1392,Ireland,,
31/12/2013,1.1114,Ireland,,
31/12/2015,0.6644,Ireland,,
31/12/2016,0.721,Ireland,,
31/12/2017,0.8173,Ireland,,
31/12/2018,0.8067,Ireland,,
31/12/2019,0.6536,Ireland,,
31/12/2020,0.6672,Ireland,,
31/12/2021,0.4412,Ireland,"5,056,935",
,,,,
,,,,
31/12/1990,1.2471,United Kingdom,,
31/12/1991,1.28,United Kingdom,,
31/12/1992,1.5109,United Kingdom,,
31/12/1993,1.5352,United Kingdom,,
31/12/1994,1.5904,United Kingdom,,
31/12/1995,1.5536,United Kingdom,,
31/12/1996,1.4463,United Kingdom,,
31/12/1997,1.485,United Kingdom,,
31/12/1998,1.576,United Kingdom,,
31/12/1999,1.569,United Kingdom,,
31/12/2000,1.5548,United Kingdom,,
31/12/2001,1.6347,United Kingdom,,
31/12/2002,1.865,United Kingdom,,
31/12/2003,1.5524,United Kingdom,,
31/12/2004,1.5834,United Kingdom,,
31/12/2005,1.3812,United Kingdom,,
31/12/2006,1.4144,United Kingdom,,
31/12/2007,1.4251,United Kingdom,,
31/12/2008,1.2342,United Kingdom,,
31/12/2009,1.1343,United Kingdom,,
31/12/2010,1.2046,United Kingdom,,
31/12/2011,1.0129,United Kingdom,,
31/12/2012,0.9826,United Kingdom,,
31/12/2013,0.9378,United Kingdom,,
31/12/2014,0.9093,United Kingdom,,
31/12/2015,0.9996,United Kingdom,,
31/12/2016,1.2017,United Kingdom,,
31/12/2017,1.2246,United Kingdom,,
31/12/2018,1.1365,United Kingdom,,
31/12/2019,1.1501,United Kingdom,,
31/12/2020,1.0036,United Kingdom,"67,736,802",
,,,,
,,,,
31/12/1995,2.2457,China,,
31/12/1996,2.0688,China,,
31/12/1997,2.1062,China,,
31/12/2002,2.0513,China,,
31/12/2003,1.8926,China,,
31/12/2004,1.9055,China,,
31/12/2005,1.5917,China,,
31/12/2006,1.3688,China,,
31/12/2007,1.2197,China,,
31/12/2008,1.1135,China,,
31/12/2009,1.0953,China,,
31/12/2010,0.9947,China,,
31/12/2011,0.8853,China,,
31/12/2012,0.8259,China,,
31/12/2013,0.7732,China,,
31/12/2014,0.7279,China,,
31/12/2015,0.6601,China,,
31/12/2016,0.6159,China,,
31/12/2017,0.5666,China,,
31/12/2018,0.531,China,,
31/12/2019,0.519,China,,
31/12/2020,0.5023,China,"1,425,671,352",
,,,,
, , ,,
,,,,
31/12/1994,60.0097,South Africa,,
31/12/1995,61.1034,South Africa,,
31/12/1996,57.0289,South Africa,,
31/12/1997,54.0708,South Africa,,
31/12/1998,54.8,South Africa,,
31/12/1999,48.7526,South Africa,,
31/12/2000,46.4783,South Africa,,
31/12/2001,45.321,South Africa,,
31/12/2002,45.221,South Africa,,
31/12/2003,41.2107,South Africa,,
31/12/2004,38.7037,South Africa,,
31/12/2005,37.799,South Africa,,
31/12/2006,38.6044,South Africa,,
31/12/2007,36.8029,South Africa,,
31/12/2008,35.7633,South Africa,,
31/12/2009,32.7667,South Africa,,
31/12/2010,30.6904,South Africa,,
31/12/2011,29.6587,South Africa,,
31/12/2012,30.5071,South Africa,,
31/12/2013,31.598,South Africa,,
31/12/2014,32.5327,South Africa,,
31/12/2015,33.4183,South Africa,,
31/12/2016,33.703,South Africa,,
31/12/2017,35.9032,South Africa,,
31/12/2018,36.6622,South Africa,,
31/12/2019,36.7121,South Africa,,
31/12/2020,33.9649,South Africa,,
31/12/2021,41.8657,South Africa,"60,414,495",
,,,,
, , ,,
,,,,
31/12/1990,9.8383,Egypt,,
31/12/1991,6.9315,Egypt,,
31/12/1992,9.5615,Egypt,,
31/12/1993,5.3837,Egypt,,
31/12/1994,6.6418,Egypt,,
31/12/1995,10.5023,Egypt,,
31/12/1996,7.7938,Egypt,,
31/12/1997,8.3626,Egypt,,
31/12/1998,8.9254,Egypt,,
31/12/1999,10.1102,Egypt,,
31/12/2000,14.4201,Egypt,,
31/12/2001,21.1715,Egypt,,
31/12/2002,25.9581,Egypt,,
31/12/2003,22.0796,Egypt,,
31/12/2004,22.5281,Egypt,,
31/12/2005,24.7906,Egypt,,
31/12/2006,25.8306,Egypt,, 
31/12/2007,17.3116,Egypt,,
31/12/2008,23.135,Egypt,,
31/12/2009,22.9834,Egypt,,
31/12/2010,25.7408,Egypt,,
31/12/2011,26.7216,Egypt,,
31/12/2012,22.5272,Egypt,,
31/12/2013,18.9679,Egypt,,
31/12/2014,19.4504,Egypt,,
31/12/2015,15.9432,Egypt,,
31/12/2016,17.0055,Egypt,,
31/12/2017,27.6581,Egypt,,
31/12/2018,20.7996,Egypt,,
31/12/2019,25.7583,Egypt,,
31/12/2020,29.0119,Egypt,,
31/12/2021,38.9643,Egypt,"112,716,598",
,,,,
, , ,,
,,,,
31/12/2000,17.0545,Belarus,,
31/12/2001,25.7961,Belarus,,
31/12/2002,33.9861,Belarus,,
31/12/2003,25.379,Belarus,,
31/12/2004,29.0304,Belarus,,
31/12/2005,28.8899,Belarus,,
31/12/2006,31.8637,Belarus,,
31/12/2007,32.6409,Belarus,,
31/12/2008,33.6963,Belarus,,
31/12/2009,30.875,Belarus,,
31/12/2010,40.0489,Belarus,,
31/12/2011,37.6285,Belarus,,
31/12/2012,43.0192,Belarus,,
31/12/2013,28.7217,Belarus,,
31/12/2014,34.91,Belarus,,
31/12/2015,33.0674,Belarus,,
31/12/2016,37.5702,Belarus,,
31/12/2017,37.8976,Belarus,,
31/12/2018,37.4281,Belarus,,
31/12/2019,34.4389,Belarus,,
31/12/2020,25.828,Belarus,,
31/12/2021,31.2476,Belarus,"9,498,238",
,,,,
,,,,
, , , ,
,,, ,
31/12/1990,17.7349,Mexico,,
31/12/1991,18.1496,Mexico,,
31/12/1992,19.5239,Mexico,,
31/12/1993,18.5116,Mexico,,
31/12/1994,17.9348,Mexico,,
31/12/1995,17.3525,Mexico,,
31/12/1996,15.8375,Mexico,,
31/12/1997,14.5434,Mexico,,
31/12/1998,14.41,Mexico,,
31/12/1999,12.715,Mexico,,
31/12/2000,10.9703,Mexico,,
31/12/2001,10.3477,Mexico,,
31/12/2002,9.9963,Mexico,,
31/12/2003,9.8478,Mexico,,
31/12/2004,8.9749,Mexico,,
31/12/2005,9.4089,Mexico,,
31/12/2006,9.7786,Mexico,,
31/12/2007,8.1872,Mexico,,
31/12/2008,12.7694,Mexico,,
31/12/2009,17.8326,Mexico,,
31/12/2010,22.8885,Mexico,,
31/12/2011,23.8396,Mexico,,
31/12/2012,22.4325,Mexico,,
31/12/2013,19.6631,Mexico,,
31/12/2014,16.8497,Mexico,,
31/12/2015,17.2801,Mexico,,
31/12/2016,20.21,Mexico,,
31/12/2017,26.1146,Mexico,,
31/12/2018,29.5814,Mexico,,
31/12/2019,29.3088,Mexico,,
31/12/2020,29.1853,Mexico,,
31/12/2021,28.1757,Mexico,"128,455,567	",
, , , ,
,,, ,
31/12/1990,74.6287,Colombia,,
31/12/1991,85.4276,Colombia,,
31/12/1992,83.043,Colombia,,
31/12/1993,82.1644,Colombia,,
31/12/1994,76.7209,Colombia,,
31/12/1995,62.0543,Colombia,,
31/12/1996,63.7411,Colombia,,
31/12/1997,62.2118,Colombia,,
31/12/1998,60.8495,Colombia,,
31/12/1999,63.1203,Colombia,,
31/12/2000,67.6754,Colombia,,
31/12/2001,69.8832,Colombia,,
31/12/2002,70.171,Colombia,,
31/12/2003,57.2926,Colombia,,
31/12/2004,48.5254,Colombia,,
31/12/2005,42.8958,Colombia,,
31/12/2006,40.8647,Colombia,,
31/12/2007,39.7122,Colombia,,
31/12/2008,36.8364,Colombia,,
31/12/2009,35.6931,Colombia,,
31/12/2010,34.4943,Colombia,,
31/12/2011,35.5934,Colombia,,
31/12/2012,35.909,Colombia,,
31/12/2013,33.3536,Colombia,,
31/12/2014,28.5852,Colombia,,
31/12/2015,27.1288,Colombia,,
31/12/2016,26.0404,Colombia,,
31/12/2017,25.4345,Colombia,,
31/12/2018,26.2313,Colombia,,
31/12/2019,25.7535,Colombia,,
31/12/2020,24.2428,Colombia,,
31/12/2021,27.4844,Colombia,"52,085,168",
, , , ,
,,, ,
31/12/1992,27.8699,Guatemala,,
31/12/1993,32.8625,Guatemala,,
31/12/1994,32.0854,Guatemala,,
31/12/1995,31.4578,Guatemala,,
31/12/1996,34.0378,Guatemala,,
31/12/1997,36.6608,Guatemala,,
31/12/1998,29.5958,Guatemala,,
31/12/1999,23.1605,Guatemala,,
31/12/2000,24.7446,Guatemala,,
31/12/2001,26.8961,Guatemala,,
31/12/2002,29.5447,Guatemala,,
31/12/2003,33.7059,Guatemala,,
31/12/2004,35.0673,Guatemala,,
31/12/2005,40.6463,Guatemala,,
31/12/2006,43.8773,Guatemala,,
31/12/2007,42.2075,Guatemala,,
31/12/2008,45.0089,Guatemala,,
31/12/2009,45.5699,Guatemala,,
31/12/2010,40.9816,Guatemala,,
31/12/2011,38.2986,Guatemala,,
31/12/2012,34.0752,Guatemala,,
31/12/2013,33.4248,Guatemala,,
31/12/2014,33.4293,Guatemala,,
31/12/2017,32.783,Guatemala,,
31/12/2018,28.8958,Guatemala,,
31/12/2019,25.6455,Guatemala,,
31/12/2020,18.9602,Guatemala,,
31/12/2021,19.9904,Guatemala,"18,092,026",
, , , ,
,,Venezuela, ,
31/12/1990,12.5262,Venezuela,,
31/12/1991,12.3701,Venezuela,,
31/12/1992,15.7774,Venezuela,,
31/12/1993,20.272,Venezuela,,
31/12/1994,21.8707,Venezuela,,
31/12/1995,20.2693,Venezuela,,
31/12/1996,21.9784,Venezuela,,
31/12/1997,18.3396,Venezuela,,
31/12/1998,19.3586,Venezuela,,
31/12/1999,24.926,Venezuela,,
31/12/2000,32.8397,Venezuela,,
31/12/2001,31.9933,Venezuela,,
31/12/2002,37.9654,Venezuela,,
31/12/2003,43.9919,Venezuela,,
31/12/2004,37.0573,Venezuela,,
31/12/2005,37.362,Venezuela,,
31/12/2006,45.2253,Venezuela,,
31/12/2007,47.7964,Venezuela,,
31/12/2008,52.227,Venezuela,,
31/12/2009,49.3683,Venezuela,,
31/12/2010,45.5511,Venezuela,,
31/12/2011,48.4531,Venezuela,,
31/12/2012,54.536,Venezuela,,
31/12/2014,63.0273,Venezuela,,
31/12/2015,51.2746,Venezuela,,
31/12/2016,56.6238,Venezuela,,
31/12/2017,47.9822,Venezuela,,
31/12/2019,40.9848,Venezuela,,
31/12/2020,29.4274,Venezuela,,
31/12/2021,19.3051,Venezuela,"28,838,499",
, , , ,
,,, ,
31/12/1990,12.0463,Guyana,,
31/12/1991,25.8031,Guyana,,
31/12/1992,14.094,Guyana,,
31/12/1993,15.6587,Guyana,,
31/12/1994,14.4087,Guyana,,
31/12/1995,14.5007,Guyana,,
31/12/1996,11.6777,Guyana,,
31/12/1997,11.52,Guyana,,
31/12/1998,14.9333,Guyana,,
31/12/1999,12.0051,Guyana,,
31/12/2000,10.0125,Guyana,,
31/12/2001,10.529,Guyana,,
31/12/2002,18.8078,Guyana,,
31/12/2003,27.4797,Guyana,,
31/12/2004,17.2272,Guyana,,
31/12/2005,18.6914,Guyana,,
31/12/2006,20.1749,Guyana,,
31/12/2007,15.2012,Guyana,,
31/12/2008,20.9507,Guyana,,
31/12/2009,15.5739,Guyana,,
31/12/2010,18.7183,Guyana,,
31/12/2011,17.4677,Guyana,,
31/12/2012,18.6836,Guyana,,
31/12/2013,20.738,Guyana,,
31/12/2014,19.8372,Guyana,,
31/12/2015,19.7343,Guyana,,
31/12/2016,18.7067,Guyana,,
31/12/2017,15.0671,Guyana,,
31/12/2018,14.1309,Guyana,,
31/12/2019,17.0265,Guyana,,
31/12/2020,19.6939,Guyana,,
31/12/2021,16.282,Guyana,"813,834",
,,,,
,,,,
,,,,
, , , ,
,,, ,
31/12/1990,8.536,Ecuador,,
31/12/1991,10.7895,Ecuador,,
31/12/1992,8.5668,Ecuador,,
31/12/1993,8.3177,Ecuador,,
31/12/1994,10.0373,Ecuador,,
31/12/1995,11.8679,Ecuador,,
31/12/1996,12.4214,Ecuador,,
31/12/1997,10.9825,Ecuador,,
31/12/1998,13.4659,Ecuador,,
31/12/1999,13.5514,Ecuador,,
31/12/2000,14.5171,Ecuador,,
31/12/2001,12.9072,Ecuador,,
31/12/2002,14.5823,Ecuador,,
31/12/2007,15.9488,Ecuador,,
31/12/2008,17.9833,Ecuador,,
31/12/2009,17.8053,Ecuador,,
31/12/2010,17.5055,Ecuador,,
31/12/2011,15.3763,Ecuador,,
31/12/2012,12.4129,Ecuador,,
31/12/2013,10.9712,Ecuador,,
31/12/2014,8.2091,Ecuador,,
31/12/2015,6.4831,Ecuador,,
31/12/2016,5.8335,Ecuador,,
31/12/2017,5.8094,Ecuador,,
31/12/2018,5.8417,Ecuador,,
31/12/2019,6.844,Ecuador,,
31/12/2020,7.8005,Ecuador,,
31/12/2021,14.0243,Ecuador,"	18,190,484",
, ,, ,
,,, ,
31/12/1998,13.0552,Dominican Republic,,
31/12/1999,10.1896,Dominican Republic,,
31/12/2000,2.9263,Dominican Republic,,
31/12/2001,1.4673,Dominican Republic,,
31/12/2002,13.1845,Dominican Republic,,
31/12/2003,11.6886,Dominican Republic,,
31/12/2004,11.6662,Dominican Republic,,
31/12/2005,11.6493,Dominican Republic,,
31/12/2006,7.2736,Dominican Republic,,
31/12/2007,10.1781,Dominican Republic,,
31/12/2008,10.1771,Dominican Republic,,
31/12/2009,18.8991,Dominican Republic,,
31/12/2010,21.8166,Dominican Republic,,
31/12/2011,8.7283,Dominican Republic,,
31/12/2014,12.9737,Dominican Republic,,
31/12/2015,12.8559,Dominican Republic,,
31/12/2016,22.8327,Dominican Republic,,
31/12/2017,26.9875,Dominican Republic,,
31/12/2018,18.3557,Dominican Republic,,
31/12/2019,18.2001,Dominican Republic,,
31/12/2020,20.8349,Dominican Republic,,
31/12/2021,13.8098,Dominican Republic,"11,332,972",
, , , ,
,,, ,
31/12/1995,23.2345,Paraguay,,
31/12/1996,21.3931,Paraguay,,
31/12/1997,19.3121,Paraguay,,
31/12/1998,23.4453,Paraguay,,
31/12/1999,21.3128,Paraguay,,
31/12/2000,20.889,Paraguay,,
31/12/2001,19.0153,Paraguay,,
31/12/2002,18.3212,Paraguay,,
31/12/2004,18.1499,Paraguay,,
31/12/2008,17.3653,Paraguay,,
31/12/2009,18.7628,Paraguay,,
31/12/2010,14.9576,Paraguay,,
31/12/2011,14.4442,Paraguay,,
31/12/2012,17.9011,Paraguay,,
31/12/2018,19.7865,Paraguay,,
31/12/2019,13.0383,Paraguay,,
31/12/2020,12.1731,Paraguay,,
31/12/2021,12.4499,Paraguay,"6,861,524",
,,,,
, , , ,
,,, ,
31/12/1990,14.2866,Russia,,
31/12/1991,15.2376,Russia,,
31/12/1992,22.8017,Russia,,
31/12/1993,30.2625,Russia,,
31/12/1994,32.1644,Russia,,
31/12/1995,30.4643,Russia,,
31/12/1996,26.3659,Russia,,
31/12/1997,23.6549,Russia,,
31/12/1998,22.7212,Russia,,
31/12/1999,25.944,Russia,,
31/12/2000,27.9819,Russia,,
31/12/2001,29.3506,Russia,,
31/12/2002,30.3949,Russia,,
31/12/2003,28.8133,Russia,,
31/12/2004,27.1943,Russia,,
31/12/2005,24.7816,Russia,,
31/12/2006,20.123,Russia,,
31/12/2007,17.7316,Russia,,
31/12/2008,12.7112,Russia,,
31/12/2009,12.3348,Russia,,
31/12/2010,11.6516,Russia,,
31/12/2011,11.2824,Russia,,
31/12/2012,11.3118,Russia,,
31/12/2013,11.1374,Russia,,
31/12/2014,11.4468,Russia,,
31/12/2015,11.5063,Russia,,
31/12/2016,10.9325,Russia,,
31/12/2017,9.1391,Russia,,
31/12/2018,8.2141,Russia,,
31/12/2019,7.6862,Russia,,
31/12/2020,7.346,Russia,,
31/12/2021,6.7993,Russia,"144,444,359",
, , , ,
,,, ,
31/12/1991,12.4753,Suriname,,
31/12/1992,10.8653,Suriname,,
31/12/1993,12.2755,Suriname,,
31/12/1994,13.0115,Suriname,,
31/12/1995,12.7958,Suriname,,
31/12/1996,12.8802,Suriname,,
31/12/1997,12.7361,Suriname,,
31/12/1998,13.5352,Suriname,,
31/12/1999,12.6733,Suriname,,
31/12/2000,14.1673,Suriname,,
31/12/2001,12.6312,Suriname,,
31/12/2002,14.5422,Suriname,,
31/12/2003,21.3232,Suriname,,
31/12/2004,24.7591,Suriname,,
31/12/2005,26.1218,Suriname,,
31/12/2006,23.0931,Suriname,,
31/12/2007,22.4522,Suriname,,
31/12/2008,25.1393,Suriname,,
31/12/2009,24.6163,Suriname,,
31/12/2010,25.3075,Suriname,,
31/12/2011,25.3743,Suriname,,
31/12/2012,22.6102,Suriname,,
31/12/2013,19.4742,Suriname,,
31/12/2014,17.6034,Suriname,,
31/12/2016,15.3501,Suriname,,
31/12/2017,11.4208,Suriname,,
31/12/2018,9.9206,Suriname,,
31/12/2019,9.4285,Suriname,,
31/12/2020,8.7366,Suriname,,
31/12/2021,10.5416,Suriname,"623,236",
, , , ,
,,, ,
31/12/2000,19.4191,Grenada,,
31/12/2001,25.2133,Grenada,,
31/12/2002,25.9528,Grenada,,
31/12/2003,24.0041,Grenada,,
31/12/2004,22.3214,Grenada,,
31/12/2005,16.1954,Grenada,,
31/12/2006,13.4064,Grenada,,
31/12/2007,14.0068,Grenada,,
31/12/2008,14.756,Grenada,,
31/12/2009,14.397,Grenada,,
31/12/2010,12.8454,Grenada,,
31/12/2011,11.2424,Grenada,,
31/12/2012,10.9567,Grenada,,
31/12/2013,10.0572,Grenada,,
31/12/2014,9.4898,Grenada,,
31/12/2015,9.9871,Grenada,,
31/12/2016,10.6756,Grenada,,
31/12/2017,8.5124,Grenada,,
31/12/2018,7.7134,Grenada,,
31/12/2019,8.4839,Grenada,,
31/12/2020,7.2673,Grenada,,
31/12/2021,7.8314,Grenada,"126,183",
, ,, ,
,,, ,
31/12/1990,14.2866,Mauritius,,
31/12/1991,15.2376,Mauritius,,
31/12/1992,22.8017,Mauritius,,
31/12/1993,30.2625,Mauritius,,
31/12/1994,32.1644,Mauritius,,
31/12/1995,30.4643,Mauritius,,
31/12/1996,26.3659,Mauritius,,
31/12/1997,23.6549,Mauritius,,
31/12/1998,22.7212,Mauritius,,
31/12/1999,25.944,Mauritius,,
31/12/2000,27.9819,Mauritius,,
31/12/2001,29.3506,Mauritius,,
31/12/2002,30.3949,Mauritius,,
31/12/2003,28.8133,Mauritius,,
31/12/2004,27.1943,Mauritius,,
31/12/2005,24.7816,Mauritius,,
31/12/2006,20.123,Mauritius,,
31/12/2007,17.7316,Mauritius,,
31/12/2008,12.7112,Mauritius,,
31/12/2009,12.3348,Mauritius,,
31/12/2010,11.6516,Mauritius,,
31/12/2011,11.2824,Mauritius,,
31/12/2012,11.3118,Mauritius,,
31/12/2013,11.1374,Mauritius,,
31/12/2014,11.4468,Mauritius,,
31/12/2015,11.5063,Mauritius,,
31/12/2016,10.9325,Mauritius,,
31/12/2017,9.1391,Mauritius,,
31/12/2018,8.2141,Mauritius,,
31/12/2019,7.6862,Mauritius,,
31/12/2020,7.346,Mauritius,,
31/12/2021,6.7993,Mauritius,"4,862,989",
, ,, ,
,,, ,
31/12/2000,14.1963,Turkey,,
31/12/2001,16.2087,Turkey,,
31/12/2002,11.4997,Turkey,,
31/12/2003,11.91,Turkey,,
31/12/2004,9.0095,Turkey,,
31/12/2005,13.3664,Turkey,,
31/12/2006,11.8769,Turkey,,
31/12/2007,8.5236,Turkey,,
31/12/2008,8.0534,Turkey,,
31/12/2013,5.1423,Turkey,,
31/12/2014,5.6172,Turkey,,
31/12/2015,5.9082,Turkey,,
31/12/2016,7.0513,Turkey,,
31/12/2017,6.127,Turkey,,
31/12/2018,6.4004,Turkey,,
31/12/2019,4.9975,Turkey,,
31/12/2020,9.06,Turkey,,
31/12/2021,5.7098,Turkey,"85,816,199",
, ,, ,
,,, ,
31/12/2000,13.9623,Montenegro,,
31/12/2001,5.5589,Montenegro,,
31/12/2002,12.9353,Montenegro,,
31/12/2003,8.2766,Montenegro,,
31/12/2004,5.4786,Montenegro,,
31/12/2005,9.977,Montenegro,,
31/12/2006,10.812,Montenegro,,
31/12/2007,9.8456,Montenegro,,
31/12/2008,14.2249,Montenegro,,
31/12/2009,6.181,Montenegro,,
31/12/2010,8.7689,Montenegro,,
31/12/2011,3.4807,Montenegro,,
31/12/2012,12.0781,Montenegro,,
31/12/2013,5.1306,Montenegro,,
31/12/2014,6.7812,Montenegro,,
31/12/2015,5.0429,Montenegro,,
31/12/2016,9.1693,Montenegro,,
31/12/2017,9.9239,Montenegro,,
31/12/2018,9.8491,Montenegro,,
31/12/2019,13.0374,Montenegro,,
31/12/2020,11.3211,Montenegro,,
31/12/2021,4.0125,Montenegro,"626,485",
, , , ,
,,, ,
31/12/2000,19.4191,Albania,,
31/12/2001,25.2133,Albania,,
31/12/2002,25.9528,Albania,,
31/12/2003,24.0041,Albania,,
31/12/2004,22.3214,Albania,,
31/12/2005,16.1954,Albania,,
31/12/2006,13.4064,Albania,,
31/12/2007,14.0068,Albania,,
31/12/2008,14.756,Albania,,
31/12/2009,14.397,Albania,,
31/12/2010,12.8454,Albania,,
31/12/2011,11.2424,Albania,,
31/12/2012,10.9567,Albania,,
31/12/2013,10.0572,Albania,,
31/12/2014,9.4898,Albania,,
31/12/2015,9.9871,Albania,,
31/12/2016,10.6756,Albania,,
31/12/2017,8.5124,Albania,,
31/12/2018,7.7134,Albania,,
31/12/2019,8.4839,Albania,,
31/12/2020,7.2673,Albania,,
31/12/2021,7.8314,Albania,"2,832,439",
, , , ,
,,, ,
31/12/2003,4.2427,Armenia,,
31/12/2004,4.2989,Armenia,,
31/12/2005,4.8104,Armenia,,
31/12/2006,4.5516,Armenia,,
31/12/2007,5.1072,Armenia,,
31/12/2008,4.5667,Armenia,,
31/12/2010,4.1861,Armenia,,
31/12/2011,4.1268,Armenia,,
31/12/2012,4.2722,Armenia,,
31/12/2015,2.8062,Armenia,,
31/12/2016,3.3375,Armenia,,
31/12/2017,3.0954,Armenia,,
31/12/2018,2.6096,Armenia,,
31/12/2019,2.4197,Armenia,,
31/12/2020,2.5055,Armenia,,
31/12/2021,2.5196,Armenia,"2,777,970",
, ,, ,
,,, ,
31/12/2002,4.2672,Azerbajian,,
31/12/2007,1.899,Azerbajian,,
31/12/2008,3.8007,Azerbajian,,
31/12/2009,3.3271,Azerbajian,,
31/12/2010,2.377,Azerbajian,,
31/12/2011,3.3239,Azerbajian,,
31/12/2012,2.6854,Azerbajian,,
31/12/2013,1.5774,Azerbajian,,
31/12/2014,3.1531,Azerbajian,,
31/12/2015,2.6815,Azerbajian,,
31/12/2016,4.4215,Azerbajian,,
31/12/2017,2.3718,Azerbajian,,
31/12/2018,2.2171,Azerbajian,,
31/12/2019,3.6485,Azerbajian,,
31/12/2020,2.8615,Azerbajian,,
31/12/2021,2.3891,Azerbajian,"10,412,651",
, , , ,
,,, ,
31/12/1992,3.9349,Algeria,,
31/12/1993,5.7866,Algeria,,
31/12/1994,3.4001,Algeria,,
31/12/1995,7.8858,Algeria,,
31/12/1996,8.3147,Algeria,,
31/12/1997,40.9992,Algeria,,
31/12/1998,20.4197,Algeria,,
31/12/1999,16.5822,Algeria,,
31/12/2000,4.1169,Algeria,,
31/12/2001,6.9761,Algeria,,
31/12/2002,6.9152,Algeria,,
31/12/2003,5.367,Algeria,,
31/12/2004,4.2774,Algeria,,
31/12/2005,5.0781,Algeria,,
31/12/2006,3.1631,Algeria,,
31/12/2007,3.5281,Algeria,,
31/12/2008,3.1507,Algeria,,
31/12/2009,2.9005,Algeria,,
31/12/2010,4.0846,Algeria,,
31/12/2011,4.8954,Algeria,,
31/12/2012,5.4284,Algeria,,
31/12/2013,4.2951,Algeria,,
31/12/2014,4.6462,Algeria,,
31/12/2015,2.2203,Algeria,,
31/12/2016,2.742,Algeria,,
31/12/2017,2.0143,Algeria,,
31/12/2018,2.294,Algeria,,
31/12/2019,2.2617,Algeria,,
31/12/2020,2.1278,Algeria,,
31/12/2021,2.312,Algeria,"45,606,480",
, , , ,
,,, ,
31/12/1990,5.0049,Bulgaria,,
31/12/1991,5.1415,Bulgaria,,
31/12/1992,8.5325,Bulgaria,,
31/12/1993,7.7516,Bulgaria,,
31/12/1994,4.6536,Bulgaria,,
31/12/1995,3.4911,Bulgaria,,
31/12/1996,3.4557,Bulgaria,,
31/12/1997,3.0568,Bulgaria,,
31/12/1998,2.8699,Bulgaria,,
31/12/1999,2.8072,Bulgaria,,
31/12/2000,2.872,Bulgaria,,
31/12/2001,2.8087,Bulgaria,,
31/12/2002,2.2222,Bulgaria,,
31/12/2004,2.7073,Bulgaria,,
31/12/2005,1.9034,Bulgaria,,
31/12/2006,2.6103,Bulgaria,,
31/12/2007,2.5629,Bulgaria,,
31/12/2008,3.2513,Bulgaria,,
31/12/2009,3.2723,Bulgaria,,
31/12/2010,1.9007,Bulgaria,,
31/12/2011,2.4241,Bulgaria,,
31/12/2012,2.2303,Bulgaria,,
31/12/2013,2.1714,Bulgaria,,
31/12/2014,2.4914,Bulgaria,,
31/12/2015,2.6054,Bulgaria,,
31/12/2016,3.0358,Bulgaria,,
31/12/2017,2.4545,Bulgaria,,
31/12/2018,1.7627,Bulgaria,,
31/12/2019,2.5881,Bulgaria,,
31/12/2020,1.8534,Bulgaria,,
31/12/2021,2.1856,Bulgaria,"6,687,717",
, ,, ,
,,, ,
31/12/1990,4.4293,Romania,,
31/12/1991,4.7358,Romania,,
31/12/1992,7.379,Romania,,
31/12/1993,6.1756,Romania,,
31/12/1994,6.3795,Romania,,
31/12/1995,5.6152,Romania,,
31/12/1996,5.032,Romania,,
31/12/1997,3.55,Romania,,
31/12/1998,3.4821,Romania,,
31/12/1999,2.9871,Romania,,
31/12/2000,2.7593,Romania,,
31/12/2001,2.6322,Romania,,
31/12/2002,2.5322,Romania,,
31/12/2007,2.1288,Romania,,
31/12/2008,2.1334,Romania,,
31/12/2010,2.2301,Romania,,
31/12/2011,2.2545,Romania,,
31/12/2012,2.1295,Romania,,
31/12/2013,2.2986,Romania,,
31/12/2014,2.4225,Romania,,
31/12/2015,2.1392,Romania,,
31/12/2016,1.694,Romania,,
31/12/2017,1.8071,Romania,,
31/12/2018,1.9404,Romania,,
31/12/2019,1.6418,Romania,,
31/12/2020,2.2363,Romania,,
31/12/2021,1.9102,Romania,"19,892,812",
, , , ,
,,, ,
31/12/2006,0.9332,Serbia,,
31/12/2007,0.7974,Serbia,,
31/12/2008,0.9488,Serbia,,
31/12/2009,0.787,Serbia,,
31/12/2010,0.7084,Serbia,,
31/12/2011,0.7662,Serbia,,
31/12/2012,1.4036,Serbia,,
31/12/2013,1.2631,Serbia,,
31/12/2014,1.4886,Serbia,,
31/12/2015,1.3808,Serbia,,
31/12/2016,1.3436,Serbia,,
31/12/2017,1.2738,Serbia,,
31/12/2018,1.3547,Serbia,,
31/12/2019,1.2153,Serbia,,
31/12/2020,1.5051,Serbia,,
31/12/2021,1.5732,Serbia,"7,149,077",
, , , ,
,,, ,
31/12/1990,2.589,Peru,,
31/12/1991,4.2996,Peru,,
31/12/1992,5.3296,Peru,,
31/12/1993,5.69,Peru,,
31/12/1994,5.7554,Peru,,
31/12/1995,5.8271,Peru,,
31/12/1996,5.2134,Peru,,
31/12/1997,4.7842,Peru,,
31/12/1998,4.6266,Peru,,
31/12/1999,4.0062,Peru,,
31/12/2000,4.0999,Peru,,
31/12/2001,3.8333,Peru,,
31/12/2002,3.1976,Peru,,
31/12/2003,3.1196,Peru,,
31/12/2004,3.1022,Peru,,
31/12/2005,2.5463,Peru,,
31/12/2006,2.395,Peru,,
31/12/2007,2.293,Peru,,
31/12/2008,2.2411,Peru,,
31/12/2009,1.9647,Peru,,
31/12/2010,1.9494,Peru,,
31/12/2011,1.6969,Peru,,
31/12/2012,1.8829,Peru,,
31/12/2013,1.4668,Peru,,
31/12/2014,1.5192,Peru,,
31/12/2015,1.7238,Peru,,
31/12/2016,1.0903,Peru,,
31/12/2017,1.4341,Peru,,
31/12/2018,1.2926,Peru,,
31/12/2019,1.1769,Peru,,
31/12/2020,0.9887,Peru,,
31/12/2021,1.278,Peru,"34,352,719",
, , , ,
,,, ,
31/12/1990,3.4857,Argentina,,
31/12/1991,3.6161,Argentina,,
31/12/1992,3.6797,Argentina,,
31/12/1993,3.2436,Argentina,,
31/12/1994,3.4287,Argentina,,
31/12/1995,3.3639,Argentina,,
31/12/1996,3.2206,Argentina,,
31/12/1997,3.1091,Argentina,,
31/12/1998,2.5314,Argentina,,
31/12/1999,2.5682,Argentina,,
31/12/2000,2.5365,Argentina,,
31/12/2001,3.2068,Argentina,,
31/12/2002,3.0295,Argentina,,
31/12/2003,3.24,Argentina,,
31/12/2004,2.2875,Argentina,,
31/12/2005,2.0529,Argentina,,
31/12/2006,1.7074,Argentina,,
31/12/2007,1.827,Argentina,,
31/12/2008,1.4662,Argentina,,
31/12/2009,1.2606,Argentina,,
31/12/2010,1.3081,Argentina,,
31/12/2011,1.0138,Argentina,,
31/12/2012,1.0528,Argentina,,
31/12/2013,1.0864,Argentina,,
31/12/2014,1.6253,Argentina,,
31/12/2015,1.703,Argentina,,
31/12/2016,1.5456,Argentina,,
31/12/2017,1.2945,Argentina,,
31/12/2018,1.2751,Argentina,,
31/12/2019,1.2497,Argentina,,
31/12/2020,1.4453,Argentina,,
31/12/2021,1.2624,Argentina,"45,773,884",
, , , ,
,,, ,
31/12/2000,2.8733,Brazil,,
31/12/2001,3.069,Brazil,,
31/12/2002,2.5303,Brazil,,
31/12/2003,2.2314,Brazil,,
31/12/2004,2.0856,Brazil,,
31/12/2005,1.8772,Brazil,,
31/12/2006,2.0013,Brazil,,
31/12/2007,2.2041,Brazil,,
31/12/2008,1.8128,Brazil,,
31/12/2009,2.0031,Brazil,,
31/12/2010,1.7246,Brazil,,
31/12/2011,1.6927,Brazil,,
31/12/2012,1.449,Brazil,,
31/12/2013,1.837,Brazil,,
31/12/2014,1.5642,Brazil,,
31/12/2015,1.3299,Brazil,,
31/12/2016,1.5481,Brazil,,
31/12/2017,1.1521,Brazil,,
31/12/2018,1.4125,Brazil,,
31/12/2019,1.189,Brazil,,
31/12/2020,1.1416,Brazil,,
31/12/2021,1.0553,Brazil,"216,422,446",
, , , ,
,,, ,
31/12/1990,3.4477,Jordan,,
31/12/1991,3.3003,Jordan,,
31/12/1992,3.6463,Jordan,,
31/12/1993,4.0483,Jordan,,
31/12/1994,4.6048,Jordan,,
31/12/1995,0.7851,Jordan,,
31/12/1996,0.9764,Jordan,,
31/12/1997,0.8873,Jordan,,
31/12/2007,1.7301,Jordan,,
31/12/2008,1.8092,Jordan,,
31/12/2009,1.5043,Jordan,,
31/12/2010,1.6736,Jordan,,
31/12/2011,1.9831,Jordan,,
31/12/2012,2.2324,Jordan,,
31/12/2013,1.8714,Jordan,,
31/12/2014,1.9635,Jordan,,
31/12/2015,1.5904,Jordan,,
31/12/2016,1.3146,Jordan,,
31/12/2017,1.302,Jordan,,
31/12/2018,0.8987,Jordan,,
31/12/2019,1.1403,Jordan,,
31/12/2020,0.9882,Jordan,,
31/12/2021,1.0226,Jordan,"11,337,052",
, , , ,
,,, ,
31/12/1990,1.6243,Bosnia,,
31/12/2000,2.3688,Bosnia,,
31/12/2001,1.9547,Bosnia,,
31/12/2002,2.1437,Bosnia,,
31/12/2004,1.6414,Bosnia,,
31/12/2007,1.6468,Bosnia,,
31/12/2008,1.6737,Bosnia,,
31/12/2009,1.831,Bosnia,,
31/12/2010,1.4694,Bosnia,,
31/12/2011,1.3625,Bosnia,,
31/12/2012,1.7146,Bosnia,,
31/12/2013,1.2716,Bosnia,,
31/12/2014,1.4001,Bosnia,,
31/12/2015,1.6173,Bosnia,,
31/12/2016,1.2927,Bosnia,,
31/12/2017,1.2209,Bosnia,,
31/12/2018,1.147,Bosnia,,
31/12/2019,1.2497,Bosnia,,
31/12/2020,1.2958,Bosnia,,
31/12/2021,0.9783,Bosnia,"3,210,847",
, , , ,
,,, ,
31/12/1990,1.7868,Malaysia,,
31/12/1991,2.1313,Malaysia,,
31/12/1992,1.9755,Malaysia,,
31/12/1993,1.8898,Malaysia,,
31/12/1994,1.7153,Malaysia,,
31/12/1995,1.9665,Malaysia,,
31/12/1996,2.1606,Malaysia,,
31/12/1997,2.5413,Malaysia,,
31/12/1998,2.8839,Malaysia,,
31/12/1999,2.6287,Malaysia,,
31/12/2000,2.4014,Malaysia,,
31/12/2001,2.196,Malaysia,,
31/12/2002,2.3403,Malaysia,,
31/12/2003,2.2838,Malaysia,,
31/12/2004,1.9618,Malaysia,,
31/12/2005,2.3299,Malaysia,,
31/12/2006,2.2181,Malaysia,,
31/12/2007,2.4066,Malaysia,,
31/12/2008,2.158,Malaysia,,
31/12/2009,1.9881,Malaysia,,
31/12/2010,1.8804,Malaysia,,
31/12/2011,1.8161,Malaysia,,
31/12/2012,2.0297,Malaysia,,
31/12/2013,2.0807,Malaysia,,
31/12/2014,1.6663,Malaysia,,
31/12/2015,1.6029,Malaysia,,
31/12/2016,1.4464,Malaysia,,
31/12/2017,1.1853,Malaysia,,
31/12/2018,0.9969,Malaysia,,
31/12/2019,0.945,Malaysia,,
31/12/2020,0.762,Malaysia,,
31/12/2021,0.7238,Malaysia,"34,308,525",